game_id,team_id,season,team_pts,player_pts,note
0024600012,1610612752,1946-47,68,70,partial early box score
0024600016,1610610025,1946-47,64,62,partial early box score
0024600016,1610610035,1946-47,54,50,partial early box score
0024600020,1610612752,1946-47,68,73,partial early box score
0024600028,1610612752,1946-47,64,65,partial early box score
0024600050,1610612752,1946-47,62,67,partial early box score
0024600052,1610612738,1946-47,54,66,partial early box score
0024600058,1610612752,1946-47,60,62,partial early box score
0024600071,1610612752,1946-47,70,74,partial early box score
0024600072,1610610025,1946-47,57,67,partial early box score
0024600077,1610610025,1946-47,86,94,partial early box score
0024600078,1610612752,1946-47,90,94,partial early box score
0024600114,1610610031,1946-47,64,66,partial early box score
0024600127,1610610035,1946-47,87,86,partial early box score
0024600131,1610610031,1946-47,48,52,partial early box score
0024600151,1610610035,1946-47,66,82,partial early box score
0024600160,1610610031,1946-47,65,68,partial early box score
0024600179,1610610035,1946-47,93,91,partial early box score
0024600192,1610610032,1946-47,82,81,partial early box score
0024600222,1610612752,1946-47,78,76,partial early box score
0024600237,1610610035,1946-47,65,67,partial early box score
0024600243,1610610031,1946-47,66,67,partial early box score
0024600244,1610610035,1946-47,67,71,partial early box score
0024600276,1610610025,1946-47,72,70,partial early box score
0024600284,1610610025,1946-47,107,87,partial early box score
0024600284,1610610026,1946-47,77,78,partial early box score
0024700041,1610610025,1947-48,73,75,partial early box score
0024700084,1610610036,1947-48,73,85,partial early box score
0024700130,1610610032,1947-48,64,58,partial early box score
0024700160,1610610032,1947-48,82,84,partial early box score
0024700193,1610610025,1947-48,75,0,partial early box score
0024700193,1610610036,1947-48,72,0,partial early box score
0024700194,1610610024,1947-48,70,0,partial early box score
0024700194,1610610025,1947-48,74,0,partial early box score
0024800033,1610612747,1948-49,75,76,partial early box score
0024800075,1610610032,1948-49,63,70,partial early box score
0024800179,1610610032,1948-49,67,74,partial early box score
0024800189,1610610032,1948-49,76,89,partial early box score
0024800208,1610610032,1948-49,89,108,partial early box score
0024800233,1610610032,1948-49,86,103,partial early box score
0024800239,1610610032,1948-49,88,99,partial early box score
0024800245,1610610032,1948-49,75,89,partial early box score
0024800264,1610610032,1948-49,77,94,partial early box score
0024800266,1610610032,1948-49,91,118,partial early box score
0024800315,1610610032,1948-49,65,71,partial early box score
0024800319,1610610032,1948-49,64,70,partial early box score
0024800322,1610610032,1948-49,59,61,partial early box score
0024800324,1610610032,1948-49,82,94,partial early box score
0024800327,1610610032,1948-49,80,89,partial early box score
0024800337,1610610032,1948-49,70,82,partial early box score
0024800343,1610610032,1948-49,84,103,partial early box score
0024800349,1610610032,1948-49,59,70,partial early box score
0044800242,1610610024,1948-49,82,74,partial early box score
0044800415,1610612747,1948-49,66,65,partial early box score
0024900076,1610610037,1949-50,74,98,partial early box score
0024900171,1610612737,1949-50,63,72,partial early box score
0024900195,1610612737,1949-50,69,71,partial early box score
0024900201,1610612737,1949-50,84,95,partial early box score
0024900299,1610612737,1949-50,84,108,partial early box score
0024900372,1610612758,1949-50,82,80,partial early box score
0024900387,1610612765,1949-50,95,105,partial early box score
0024900410,1610610027,1949-50,108,89,partial early box score
0024900474,1610612765,1949-50,78,93,partial early box score
0024900497,1610612744,1949-50,66,64,partial early box score
0024900563,1610612747,1949-50,78,0,partial early box score
0024900563,1610612758,1949-50,76,0,partial early box score
0024900564,1610610025,1949-50,69,0,partial early box score
0024900564,1610612765,1949-50,86,0,partial early box score
0025000003,1610612758,1950-51,78,79,partial early box score
0025000012,1610612758,1950-51,95,106,partial early box score
0025000014,1610612752,1950-51,95,107,partial early box score
0025000019,1610610036,1950-51,86,90,partial early box score
0025000025,1610610036,1950-51,77,83,partial early box score
0025000029,1610612758,1950-51,79,89,partial early box score
0025000037,1610612758,1950-51,85,86,partial early box score
0025000056,1610612758,1950-51,79,84,partial early box score
0025000059,1610610024,1950-51,73,78,partial early box score
0025000065,1610612758,1950-51,71,73,partial early box score
0025000067,1610612758,1950-51,90,93,partial early box score
0025000073,1610610024,1950-51,71,77,partial early box score
0025000082,1610610036,1950-51,85,93,partial early box score
0025000087,1610610036,1950-51,75,84,partial early box score
0025000095,1610610036,1950-51,79,89,partial early box score
0025000103,1610610036,1950-51,91,103,partial early box score
0025000109,1610610036,1950-51,81,87,partial early box score
0025000115,1610610036,1950-51,110,121,partial early box score
0025000121,1610610036,1950-51,88,100,partial early box score
0025000122,1610612738,1950-51,88,107,partial early box score
0025000135,1610610036,1950-51,76,89,partial early box score
0025000139,1610610036,1950-51,79,84,partial early box score
0025000147,1610610036,1950-51,88,103,partial early box score
0025000152,1610610036,1950-51,80,90,partial early box score
0025000156,1610610036,1950-51,77,92,partial early box score
0025000164,1610610036,1950-51,71,76,partial early box score
0025000168,1610610036,1950-51,92,97,partial early box score
0025000175,1610610036,1950-51,76,82,partial early box score
0025000176,1610610030,1950-51,75,84,partial early box score
0025000178,1610610036,1950-51,86,97,partial early box score
0025000251,1610612744,1950-51,75,73,partial early box score
0025000305,1610612737,1950-51,78,77,partial early box score
0025000320,1610612752,1950-51,98,94,partial early box score
0045000323,1610612752,1950-51,97,77,partial early box score
0025100005,1610612752,1951-52,98,112,partial early box score
0025100015,1610612755,1951-52,98,95,partial early box score
0025100019,1610612765,1951-52,62,64,partial early box score
0025100021,1610610030,1951-52,92,95,partial early box score
0025100021,1610612765,1951-52,77,75,partial early box score
0025100182,1610612744,1951-52,78,76,partial early box score
0025200013,1610612744,1952-53,91,96,partial early box score
0025200062,1610612744,1952-53,92,94,partial early box score
0025200087,1610612765,1952-53,70,64,partial early box score
0025200097,1610612737,1952-53,101,100,partial early box score
0025200139,1610612755,1952-53,81,99,partial early box score
0025200150,1610612737,1952-53,74,78,partial early box score
0025200267,1610612755,1952-53,81,83,partial early box score
0025200270,1610612758,1952-53,84,82,partial early box score
0025200324,1610612744,1952-53,88,86,partial early box score
0025200333,1610612744,1952-53,76,64,partial early box score
0045200414,1610612752,1952-53,69,75,partial early box score
0025300044,1610612758,1953-54,81,83,partial early box score
0025300069,1610612765,1953-54,83,82,partial early box score
0025300130,1610612752,1953-54,79,82,partial early box score
0025400107,1610612765,1954-55,91,86,partial early box score
0025400163,1610612752,1954-55,98,94,partial early box score
0025400164,1610612758,1954-55,84,82,partial early box score
0025500110,1610612744,1955-56,130,135,partial early box score
0025500173,1610612752,1955-56,91,89,partial early box score
0025500263,1610612765,1955-56,103,104,partial early box score
0025500289,1610612752,1955-56,77,0,partial early box score
0025500289,1610612755,1955-56,82,0,partial early box score
0025500290,1610612737,1955-56,97,0,partial early box score
0025500290,1610612747,1955-56,103,0,partial early box score
0045500315,1610612737,1955-56,97,101,partial early box score
0025600096,1610612752,1956-57,110,108,partial early box score
0025700109,1610612738,1957-58,116,115,partial early box score
0045700221,1610612758,1957-58,93,83,partial early box score
0045700324,1610612744,1957-58,111,112,partial early box score
0025800004,1610612738,1958-59,125,145,partial early box score
0025800027,1610612744,1958-59,106,111,partial early box score
0025800035,1610612744,1958-59,106,113,partial early box score
0025800041,1610612738,1958-59,103,105,partial early box score
0025800064,1610612744,1958-59,103,114,partial early box score
0025800083,1610612752,1958-59,110,106,partial early box score
0025800086,1610612758,1958-59,94,103,partial early box score
0025800093,1610612744,1958-59,95,98,partial early box score
0025800098,1610612758,1958-59,106,98,partial early box score
0025800110,1610612752,1958-59,120,154,partial early box score
0025800115,1610612765,1958-59,131,124,partial early box score
0025800116,1610612737,1958-59,108,101,partial early box score
0025800163,1610612738,1958-59,98,97,partial early box score
0025800223,1610612765,1958-59,118,119,partial early box score
0025800231,1610612744,1958-59,101,122,partial early box score
0025800241,1610612738,1958-59,111,109,partial early box score
0025800275,1610612747,1958-59,135,137,partial early box score
0025900010,1610612744,1959-60,120,122,partial early box score
0025900075,1610612747,1959-60,103,101,partial early box score
0025900092,1610612758,1959-60,129,134,partial early box score
0025900227,1610612737,1959-60,114,120,partial early box score
0025900238,1610612765,1959-60,117,107,partial early box score
0025900249,1610612744,1959-60,122,125,partial early box score
0025900249,1610612755,1959-60,136,164,partial early box score
0045900321,1610612738,1959-60,111,120,partial early box score
0026000019,1610612744,1960-61,131,130,partial early box score
0026000019,1610612758,1960-61,113,108,partial early box score
0026000020,1610612765,1960-61,117,113,partial early box score
0026000058,1610612747,1960-61,118,120,partial early box score
0026000061,1610612738,1960-61,132,142,partial early box score
0026000101,1610612738,1960-61,97,101,partial early box score
0026000128,1610612738,1960-61,119,130,partial early box score
0026000132,1610612738,1960-61,101,103,partial early box score
0026000172,1610612744,1960-61,121,123,partial early box score
0026000175,1610612738,1960-61,113,119,partial early box score
0026000175,1610612744,1960-61,116,141,partial early box score
0026000181,1610612765,1960-61,144,157,partial early box score
0026000223,1610612752,1960-61,109,99,partial early box score
0026000231,1610612744,1960-61,124,136,partial early box score
0026000296,1610612737,1960-61,104,102,partial early box score
0026000316,1610612752,1960-61,106,123,partial early box score
0046000222,1610612747,1960-61,120,127,partial early box score
0026100008,1610612752,1961-62,95,99,partial early box score
0026100010,1610612752,1961-62,112,127,partial early box score
0026100069,1610612737,1961-62,121,117,partial early box score
0026100148,1610612737,1961-62,118,116,partial early box score
0026100150,1610612744,1961-62,118,112,partial early box score
0026100250,1610612755,1961-62,135,146,partial early box score
0026200015,1610612755,1962-63,130,142,partial early box score
0026200019,1610612747,1962-63,134,135,partial early box score
0026200021,1610612738,1962-63,118,116,partial early box score
0026200023,1610612752,1962-63,106,104,partial early box score
0026200047,1610612765,1962-63,100,97,partial early box score
0026200059,1610612738,1962-63,105,80,partial early box score
0026200067,1610612764,1962-63,106,102,partial early box score
0026200072,1610612738,1962-63,115,122,partial early box score
0026200080,1610612755,1962-63,137,138,partial early box score
0026200084,1610612744,1962-63,115,111,partial early box score
0026200087,1610612765,1962-63,115,107,partial early box score
0026200117,1610612744,1962-63,102,103,partial early box score
0026200168,1610612737,1962-63,95,107,partial early box score
0026200186,1610612738,1962-63,123,124,partial early box score
0026200238,1610612747,1962-63,127,173,partial early box score
0026200238,1610612765,1962-63,122,127,partial early box score
0026200242,1610612737,1962-63,119,110,partial early box score
0026200242,1610612764,1962-63,111,102,partial early box score
0026200289,1610612758,1962-63,126,132,partial early box score
0046200313,1610612758,1962-63,121,119,partial early box score
0046200321,1610612737,1962-63,104,108,partial early box score
0046200325,1610612737,1962-63,100,96,partial early box score
0026300044,1610612764,1963-64,116,118,partial early box score
0026300057,1610612765,1963-64,101,97,partial early box score
0026300102,1610612744,1963-64,101,103,partial early box score
0026300135,1610612738,1963-64,117,116,partial early box score
0026300147,1610612765,1963-64,107,118,partial early box score
0026300163,1610612738,1963-64,118,95,partial early box score
0026300163,1610612747,1963-64,125,97,partial early box score
0026300169,1610612738,1963-64,95,118,partial early box score
0026300169,1610612747,1963-64,97,125,partial early box score
0026300171,1610612755,1963-64,110,107,partial early box score
0026300172,1610612738,1963-64,89,90,partial early box score
0026300181,1610612738,1963-64,108,102,partial early box score
0026300199,1610612744,1963-64,86,81,partial early box score
0026300213,1610612744,1963-64,125,122,partial early box score
0026300224,1610612747,1963-64,108,106,partial early box score
0026300255,1610612738,1963-64,135,134,partial early box score
0026300325,1610612765,1963-64,125,128,partial early box score
0026300349,1610612747,1963-64,95,104,partial early box score
0026300357,1610612747,1963-64,121,143,partial early box score
0046300224,1610612758,1963-64,120,124,partial early box score
0026400027,1610612752,1964-65,94,106,partial early box score
0026400265,1610612755,1964-65,100,115,partial early box score
0026400267,1610612764,1964-65,100,109,partial early box score
0046400311,1610612738,1964-65,108,110,partial early box score
0026500269,1610612752,1965-66,140,144,partial early box score
0026500333,1610612764,1965-66,115,127,partial early box score
0026500348,1610612752,1965-66,106,115,partial early box score
0026700094,1610612760,1967-68,130,136,partial early box score
0026700100,1610612744,1967-68,142,149,partial early box score
0026700211,1610612738,1967-68,134,161,partial early box score
0026700445,1610612755,1967-68,125,140,partial early box score
0026700467,1610612755,1967-68,120,148,partial early box score
0026800309,1610612744,1968-69,77,81,partial early box score
0026900104,1610612745,1969-70,138,153,partial early box score
0026900547,1610612745,1969-70,132,140,partial early box score
0027000380,1610612756,1970-71,112,134,partial early box score
0027000523,1610612738,1970-71,113,115,partial early box score
0027000575,1610612764,1970-71,107,115,partial early box score
0027000780,1610612738,1970-71,118,125,partial early box score
0027100160,1610612741,1971-72,130,128,partial early box score
0027100362,1610612756,1971-72,103,116,partial early box score
0027100363,1610612749,1971-72,120,131,partial early box score
0027100679,1610612746,1971-72,105,138,partial early box score
0027200291,1610612747,1972-73,121,123,partial early box score
0027200296,1610612757,1972-73,104,107,partial early box score
0027200306,1610612757,1972-73,104,108,partial early box score
0027200479,1610612749,1972-73,104,108,partial early box score
0027200513,1610612749,1972-73,116,126,partial early box score
0027200566,1610612757,1972-73,129,143,partial early box score
0027203003,1610612739,1972-73,108,113,partial early box score
0027203017,1610612739,1972-73,109,119,partial early box score
0027203018,1610612739,1972-73,87,93,partial early box score
0027300046,1610612747,1973-74,100,103,partial early box score
0027300100,1610612744,1973-74,92,104,partial early box score
0027300168,1610612739,1973-74,85,91,partial early box score
0027300413,1610612757,1973-74,96,108,partial early box score
0027300522,1610612756,1973-74,124,147,partial early box score
0027300530,1610612756,1973-74,112,133,partial early box score
0027300541,1610612744,1973-74,97,107,partial early box score
0027300552,1610612739,1973-74,104,116,partial early box score
0027300640,1610612744,1973-74,112,126,partial early box score
0027400058,1610612752,1974-75,86,92,partial early box score
0027400103,1610612752,1974-75,103,110,partial early box score
0027400208,1610612752,1974-75,120,138,partial early box score
0027400229,1610612749,1974-75,105,109,partial early box score
0027400230,1610612752,1974-75,104,110,partial early box score
0027400276,1610612752,1974-75,97,107,partial early box score
0027500213,1610612765,1975-76,100,108,partial early box score
0027500240,1610612765,1975-76,86,95,partial early box score
0027500439,1610612744,1975-76,111,113,partial early box score
0027500484,1610612757,1975-76,108,137,partial early box score
0027500511,1610612765,1975-76,114,125,partial early box score
0027500542,1610612765,1975-76,98,100,partial early box score
0027500640,1610612765,1975-76,122,124,partial early box score
0027500656,1610612765,1975-76,85,89,partial early box score
0027500679,1610612765,1975-76,102,113,partial early box score
0027500688,1610612765,1975-76,116,135,partial early box score
0027500694,1610612765,1975-76,93,101,partial early box score
0027500722,1610612765,1975-76,116,138,partial early box score
0027500728,1610612765,1975-76,99,113,partial early box score
0027500735,1610612765,1975-76,105,119,partial early box score
0027600038,1610612739,1976-77,114,137,partial early box score
0027600088,1610612739,1976-77,97,112,partial early box score
0027600101,1610612739,1976-77,112,114,partial early box score
0027600140,1610612739,1976-77,78,84,partial early box score
0027600187,1610612754,1976-77,113,122,partial early box score
0027600221,1610612739,1976-77,109,126,partial early box score
0027600668,1610612765,1976-77,92,120,partial early box score
0027603001,1610612739,1976-77,108,130,partial early box score
0027603002,1610612739,1976-77,100,115,partial early box score
0027603009,1610612739,1976-77,94,107,partial early box score
0047600021,1610612738,1976-77,91,105,partial early box score
0027700015,1610612760,1977-78,99,106,partial early box score
0027700030,1610612760,1977-78,94,106,partial early box score
0027700083,1610612745,1977-78,108,126,partial early box score
0027700242,1610612745,1977-78,105,119,partial early box score
0027700263,1610612745,1977-78,116,122,partial early box score
0027700274,1610612745,1977-78,84,86,partial early box score
0027700284,1610612745,1977-78,91,106,partial early box score
0027700359,1610612754,1977-78,92,104,partial early box score
0027700493,1610612745,1977-78,96,100,partial early box score
0027700510,1610612745,1977-78,88,98,partial early box score
0027700528,1610612745,1977-78,124,139,partial early box score
0027700544,1610612745,1977-78,112,121,partial early box score
0027700559,1610612745,1977-78,105,115,partial early box score
0027700633,1610612751,1977-78,83,100,partial early box score
0027700715,1610612745,1977-78,114,126,partial early box score
0027700727,1610612745,1977-78,91,108,partial early box score
0027700737,1610612745,1977-78,98,107,partial early box score
0027700753,1610612745,1977-78,98,106,partial early box score
0027700767,1610612745,1977-78,104,108,partial early box score
0027700781,1610612745,1977-78,99,113,partial early box score
0027700787,1610612745,1977-78,106,119,partial early box score
0027700804,1610612745,1977-78,107,127,partial early box score
0027700824,1610612745,1977-78,89,91,partial early box score
0027700861,1610612745,1977-78,101,113,partial early box score
0027700891,1610612745,1977-78,112,126,partial early box score
0027800003,1610612747,1978-79,102,106,partial early box score
0027800011,1610612747,1978-79,100,109,partial early box score
0027800016,1610612749,1978-79,123,154,partial early box score
0027800024,1610612747,1978-79,111,144,partial early box score
0027800037,1610612760,1978-79,133,151,partial early box score
0027800044,1610612741,1978-79,104,123,partial early box score
0027800050,1610612747,1978-79,134,136,partial early box score
0027800054,1610612747,1978-79,123,125,partial early box score
0027800124,1610612749,1978-79,125,144,partial early box score
0027800129,1610612739,1978-79,96,100,partial early box score
0027800130,1610612755,1978-79,123,119,partial early box score
0027800143,1610612739,1978-79,95,101,partial early box score
0027800146,1610612749,1978-79,131,157,partial early box score
0027800158,1610612739,1978-79,91,103,partial early box score
0027800209,1610612739,1978-79,104,119,partial early box score
0027800234,1610612755,1978-79,103,109,partial early box score
0027800235,1610612738,1978-79,97,105,partial early box score
0027800238,1610612755,1978-79,120,142,partial early box score
0027800299,1610612739,1978-79,127,135,partial early box score
0027800433,1610612739,1978-79,112,127,partial early box score
0027800455,1610612739,1978-79,96,110,partial early box score
0027800486,1610612758,1978-79,115,119,partial early box score
0027800531,1610612760,1978-79,99,115,partial early box score
0027900002,1610612739,1979-80,95,105,partial early box score
0027900168,1610612757,1979-80,92,109,partial early box score
0027900182,1610612757,1979-80,97,116,partial early box score
0027900192,1610612757,1979-80,103,107,partial early box score
0027900198,1610612757,1979-80,100,121,partial early box score
0027900205,1610612757,1979-80,114,132,partial early box score
0027900229,1610612757,1979-80,90,106,partial early box score
0027900241,1610612757,1979-80,86,96,partial early box score
0027900252,1610612745,1979-80,113,115,partial early box score
0027900268,1610612745,1979-80,106,112,partial early box score
0027900271,1610612745,1979-80,120,123,partial early box score
0027900291,1610612745,1979-80,114,131,partial early box score
0027900304,1610612745,1979-80,124,132,partial early box score
0027900307,1610612739,1979-80,116,139,partial early box score
0027900310,1610612745,1979-80,129,136,partial early box score
0027900325,1610612745,1979-80,118,126,partial early box score
0027900332,1610612739,1979-80,113,141,partial early box score
0027900333,1610612745,1979-80,113,120,partial early box score
0027900339,1610612745,1979-80,101,105,partial early box score
0027900360,1610612739,1979-80,103,111,partial early box score
0027900373,1610612757,1979-80,100,116,partial early box score
0027900379,1610612745,1979-80,114,120,partial early box score
0027900400,1610612745,1979-80,143,151,partial early box score
0027900406,1610612745,1979-80,110,112,partial early box score
0027900431,1610612745,1979-80,103,109,partial early box score
0027900443,1610612745,1979-80,101,104,partial early box score
0027900454,1610612739,1979-80,98,114,partial early box score
0027900474,1610612745,1979-80,114,116,partial early box score
0027900476,1610612739,1979-80,107,128,partial early box score
0027900486,1610612739,1979-80,109,145,partial early box score
0027900489,1610612745,1979-80,112,118,partial early box score
0027900498,1610612745,1979-80,121,126,partial early box score
0027900526,1610612745,1979-80,110,112,partial early box score
0027900547,1610612745,1979-80,111,115,partial early box score
0027900563,1610612745,1979-80,123,127,partial early box score
0027900580,1610612745,1979-80,112,116,partial early box score
0027900588,1610612745,1979-80,111,117,partial early box score
0027900595,1610612745,1979-80,105,115,partial early box score
0027900600,1610612739,1979-80,109,128,partial early box score
0027900610,1610612745,1979-80,115,117,partial early box score
0027900619,1610612741,1979-80,109,123,partial early box score
0027900620,1610612745,1979-80,105,115,partial early box score
0027900626,1610612745,1979-80,117,123,partial early box score
0027900636,1610612745,1979-80,120,133,partial early box score
0027900644,1610612745,1979-80,122,124,partial early box score
0027900657,1610612745,1979-80,103,105,partial early box score
0027900666,1610612745,1979-80,99,103,partial early box score
0027900683,1610612745,1979-80,102,103,partial early box score
0027900705,1610612745,1979-80,93,99,partial early box score
0027900717,1610612745,1979-80,110,120,partial early box score
0027900721,1610612745,1979-80,99,105,partial early box score
0027900730,1610612762,1979-80,91,95,partial early box score
0027900732,1610612762,1979-80,91,93,partial early box score
0027900736,1610612745,1979-80,91,92,partial early box score
0027900744,1610612745,1979-80,93,94,partial early box score
0027900750,1610612762,1979-80,105,107,partial early box score
0027900756,1610612745,1979-80,99,100,partial early box score
0027900759,1610612762,1979-80,117,121,partial early box score
0027900767,1610612762,1979-80,94,111,partial early box score
0027900768,1610612745,1979-80,111,115,partial early box score
0027900770,1610612745,1979-80,79,86,partial early box score
0027900773,1610612762,1979-80,98,105,partial early box score
0027900786,1610612745,1979-80,109,119,partial early box score
0027900815,1610612762,1979-80,103,114,partial early box score
0027900820,1610612762,1979-80,94,99,partial early box score
0027900829,1610612745,1979-80,139,143,partial early box score
0027900832,1610612762,1979-80,103,105,partial early box score
0027900837,1610612743,1979-80,105,109,partial early box score
0027900840,1610612745,1979-80,96,106,partial early box score
0027900842,1610612762,1979-80,98,100,partial early box score
0027900843,1610612754,1979-80,109,128,partial early box score
0027900850,1610612745,1979-80,125,136,partial early box score
0027900854,1610612762,1979-80,96,112,partial early box score
0027900862,1610612745,1979-80,107,117,partial early box score
0027900865,1610612762,1979-80,109,113,partial early box score
0027900871,1610612745,1979-80,113,127,partial early box score
0027900888,1610612745,1979-80,128,130,partial early box score
0027900899,1610612745,1979-80,121,129,partial early box score
0028000025,1610612737,1980-81,122,126,partial early box score
0028000134,1610612737,1980-81,98,108,partial early box score
0028000198,1610612737,1980-81,88,108,partial early box score
0028000220,1610612737,1980-81,97,109,partial early box score
0028000288,1610612737,1980-81,112,114,partial early box score
0028000302,1610612739,1980-81,109,113,partial early box score
0028000305,1610612743,1980-81,118,122,partial early box score
0028000308,1610612745,1980-81,100,114,partial early box score
0028000331,1610612737,1980-81,114,130,partial early box score
0028000373,1610612737,1980-81,131,146,partial early box score
0028000391,1610612737,1980-81,92,101,partial early box score
0028000407,1610612742,1980-81,96,100,partial early box score
0028000412,1610612743,1980-81,128,139,partial early box score
0028000440,1610612742,1980-81,98,107,partial early box score
0028000489,1610612737,1980-81,95,109,partial early box score
0028000582,1610612742,1980-81,98,102,partial early box score
0028000656,1610612742,1980-81,98,102,partial early box score
0028000664,1610612737,1980-81,116,118,partial early box score
0028000667,1610612742,1980-81,95,109,partial early box score
0028000692,1610612742,1980-81,99,111,partial early box score
0028000701,1610612742,1980-81,99,116,partial early box score
0028000705,1610612742,1980-81,106,130,partial early box score
0028000722,1610612742,1980-81,109,117,partial early box score
0028000730,1610612737,1980-81,118,126,partial early box score
0028000735,1610612737,1980-81,121,125,partial early box score
0028000749,1610612737,1980-81,117,132,partial early box score
0028000766,1610612737,1980-81,102,106,partial early box score
0028000782,1610612737,1980-81,100,103,partial early box score
0028000801,1610612737,1980-81,109,115,partial early box score
0028000821,1610612737,1980-81,116,118,partial early box score
0028000822,1610612743,1980-81,137,149,partial early box score
0028000829,1610612737,1980-81,97,99,partial early box score
0028000839,1610612737,1980-81,119,120,partial early box score
0028000845,1610612737,1980-81,110,112,partial early box score
0028000847,1610612754,1980-81,94,102,partial early box score
0028000858,1610612742,1980-81,109,133,partial early box score
0028000860,1610612737,1980-81,107,111,partial early box score
0028000867,1610612737,1980-81,108,116,partial early box score
0028000877,1610612742,1980-81,126,147,partial early box score
0028000882,1610612737,1980-81,96,97,partial early box score
0028000908,1610612737,1980-81,96,100,partial early box score
0028000934,1610612737,1980-81,128,134,partial early box score
0028100014,1610612754,1981-82,106,114,partial early box score
0028100020,1610612760,1981-82,94,100,partial early box score
0028100052,1610612746,1981-82,102,115,partial early box score
0028100071,1610612749,1981-82,100,106,partial early box score
0028100097,1610612749,1981-82,98,107,partial early box score
0028100119,1610612749,1981-82,89,99,partial early box score
0028100125,1610612749,1981-82,112,125,partial early box score
0028100135,1610612749,1981-82,103,121,partial early box score
0028100147,1610612737,1981-82,114,126,partial early box score
0028100152,1610612749,1981-82,96,108,partial early box score
0028100168,1610612749,1981-82,105,123,partial early box score
0028100176,1610612749,1981-82,126,132,partial early box score
0028100190,1610612749,1981-82,97,109,partial early box score
0028100196,1610612749,1981-82,111,124,partial early box score
0028100280,1610612759,1981-82,125,137,partial early box score
0028100358,1610612759,1981-82,115,119,partial early box score
0028100492,1610612758,1981-82,97,110,partial early box score
0028100527,1610612746,1981-82,97,103,partial early box score
0028100669,1610612759,1981-82,101,103,partial early box score
0028100692,1610612759,1981-82,113,121,partial early box score
0028100716,1610612760,1981-82,112,116,partial early box score
0028100760,1610612759,1981-82,115,121,partial early box score
0028100780,1610612759,1981-82,106,108,partial early box score
0028100787,1610612759,1981-82,115,121,partial early box score
0028100816,1610612760,1981-82,142,148,partial early box score
0028100841,1610612741,1981-82,105,107,partial early box score
0028100874,1610612760,1981-82,117,123,partial early box score
0028100882,1610612754,1981-82,100,106,partial early box score
0028100924,1610612759,1981-82,118,128,partial early box score
0028100934,1610612760,1981-82,95,100,partial early box score
0028200072,1610612762,1982-83,125,127,partial early box score
0028200110,1610612747,1982-83,117,129,partial early box score
0028200133,1610612747,1982-83,143,153,partial early box score
0028200150,1610612764,1982-83,106,108,partial early box score
0028200159,1610612747,1982-83,117,149,partial early box score
0028200160,1610612764,1982-83,87,91,partial early box score
0028200166,1610612764,1982-83,107,111,partial early box score
0028200213,1610612747,1982-83,104,117,partial early box score
0028200302,1610612762,1982-83,100,111,partial early box score
0028200311,1610612762,1982-83,101,105,partial early box score
0028200383,1610612762,1982-83,117,123,partial early box score
0028200390,1610612762,1982-83,87,91,partial early box score
0028200396,1610612747,1982-83,108,124,partial early box score
0028200409,1610612762,1982-83,118,122,partial early box score
0028200452,1610612747,1982-83,107,119,partial early box score
0028200464,1610612747,1982-83,119,121,partial early box score
0028200471,1610612762,1982-83,88,94,partial early box score
0028200496,1610612762,1982-83,106,112,partial early box score
0028200514,1610612762,1982-83,109,111,partial early box score
0028200531,1610612762,1982-83,96,97,partial early box score
0028200545,1610612762,1982-83,110,112,partial early box score
0028200549,1610612762,1982-83,136,145,partial early box score
0028200568,1610612762,1982-83,99,101,partial early box score
0028200576,1610612744,1982-83,109,116,partial early box score
0028200582,1610612762,1982-83,99,106,partial early box score
0028200585,1610612744,1982-83,111,113,partial early box score
0028200593,1610612754,1982-83,113,130,partial early box score
0028200605,1610612754,1982-83,94,105,partial early box score
0028200612,1610612762,1982-83,97,110,partial early box score
0028200620,1610612754,1982-83,108,120,partial early box score
0028200626,1610612762,1982-83,98,104,partial early box score
0028200631,1610612747,1982-83,104,124,partial early box score
0028200643,1610612754,1982-83,101,120,partial early box score
0028200664,1610612749,1982-83,101,123,partial early box score
0028200665,1610612762,1982-83,127,136,partial early box score
0028200670,1610612744,1982-83,108,109,partial early box score
0028200689,1610612762,1982-83,121,126,partial early box score
0028200697,1610612754,1982-83,98,111,partial early box score
0028200716,1610612754,1982-83,97,106,partial early box score
0028200718,1610612744,1982-83,119,123,partial early box score
0028200719,1610612754,1982-83,121,138,partial early box score
0028200728,1610612744,1982-83,120,122,partial early box score
0028200731,1610612762,1982-83,117,119,partial early box score
0028200742,1610612744,1982-83,115,121,partial early box score
0028200757,1610612754,1982-83,105,115,partial early box score
0028200768,1610612754,1982-83,118,130,partial early box score
0028200778,1610612747,1982-83,117,135,partial early box score
0028200781,1610612762,1982-83,98,100,partial early box score
0028200788,1610612754,1982-83,102,104,partial early box score
0028200807,1610612754,1982-83,119,127,partial early box score
0028200819,1610612744,1982-83,109,111,partial early box score
0028200820,1610612754,1982-83,130,147,partial early box score
0028200834,1610612754,1982-83,116,123,partial early box score
0028200835,1610612746,1982-83,103,114,partial early box score
0028200836,1610612747,1982-83,122,144,partial early box score
0028200845,1610612746,1982-83,119,127,partial early box score
0028200850,1610612754,1982-83,99,109,partial early box score
0028200862,1610612746,1982-83,109,114,partial early box score
0028200871,1610612754,1982-83,110,116,partial early box score
0028200875,1610612746,1982-83,96,100,partial early box score
0028200877,1610612744,1982-83,118,122,partial early box score
0028200897,1610612744,1982-83,102,110,partial early box score
0028200897,1610612746,1982-83,93,101,partial early box score
0028200900,1610612754,1982-83,92,102,partial early box score
0028200902,1610612744,1982-83,108,110,partial early box score
0028200911,1610612762,1982-83,99,101,partial early box score
0028200918,1610612744,1982-83,113,123,partial early box score
0028200918,1610612746,1982-83,92,106,partial early box score
0028200920,1610612746,1982-83,83,90,partial early box score
0028200924,1610612746,1982-83,101,105,partial early box score
0028200925,1610612754,1982-83,124,132,partial early box score
0028200926,1610612747,1982-83,100,112,partial early box score
0028200937,1610612754,1982-83,99,101,partial early box score
0028200940,1610612746,1982-83,101,105,partial early box score
0048200035,1610612759,1982-83,121,159,partial early box score
0028300080,1610612737,1983-84,93,113,partial early box score
0028300095,1610612746,1983-84,116,117,partial early box score
0028300360,1610612765,1983-84,102,104,partial early box score
0028300488,1610612760,1983-84,114,116,partial early box score
0028300596,1610612758,1983-84,121,147,partial early box score
0028300774,1610612758,1983-84,108,126,partial early box score
0028300800,1610612755,1983-84,100,103,partial early box score
0028300856,1610612758,1983-84,105,124,partial early box score
0048300047,1610612738,1983-84,92,94,partial early box score
0048300049,1610612762,1983-84,94,98,partial early box score
0048300051,1610612762,1983-84,110,113,partial early box score
0048300052,1610612752,1983-84,118,120,partial early box score
0048300053,1610612747,1983-84,122,124,partial early box score
0028400017,1610612742,1984-85,107,93,partial early box score
0028400043,1610612738,1984-85,127,123,partial early box score
0028400070,1610612746,1984-85,88,71,partial early box score
0028400274,1610612751,1984-85,111,109,partial early box score
0028400293,1610612741,1984-85,96,93,partial early box score
0028400329,1610612746,1984-85,118,106,partial early box score
0028400346,1610612755,1984-85,114,109,partial early box score
0028400359,1610612746,1984-85,109,98,partial early box score
0028400372,1610612746,1984-85,87,66,partial early box score
0028400445,1610612737,1984-85,99,86,partial early box score
0028400468,1610612746,1984-85,100,94,partial early box score
0028400516,1610612737,1984-85,115,99,partial early box score
0028400616,1610612746,1984-85,125,99,partial early box score
0028400667,1610612738,1984-85,111,109,partial early box score
0028400687,1610612746,1984-85,102,72,partial early box score
0028400705,1610612764,1984-85,99,85,partial early box score
0028400712,1610612746,1984-85,112,67,partial early box score
0028400730,1610612737,1984-85,113,111,partial early box score
0028400792,1610612746,1984-85,121,89,partial early box score
0028400823,1610612746,1984-85,99,85,partial early box score
0028400836,1610612759,1984-85,121,119,partial early box score
0028400841,1610612746,1984-85,116,101,partial early box score
0028400851,1610612746,1984-85,123,110,partial early box score
0028400861,1610612746,1984-85,115,105,partial early box score
0028400874,1610612739,1984-85,113,106,partial early box score
0028400907,1610612739,1984-85,114,109,partial early box score
0028400939,1610612739,1984-85,113,99,partial early box score
0028500069,1610612756,1985-86,106,99,partial early box score
0028500149,1610612744,1985-86,96,94,partial early box score
0028500310,1610612755,1985-86,112,110,partial early box score
0028500412,1610612758,1985-86,102,82,partial early box score
0028500413,1610612745,1985-86,87,79,partial early box score
0028500452,1610612742,1985-86,112,95,partial early box score
0028500461,1610612745,1985-86,96,88,partial early box score
0028500479,1610612743,1985-86,137,131,partial early box score
0028500754,1610612742,1985-86,120,119,partial early box score
0028500918,1610612758,1985-86,108,95,partial early box score
0048500304,1610612749,1985-86,98,94,partial early box score
0028600248,1610612739,1986-87,116,94,partial early box score
0048600054,1610612747,1986-87,92,82,partial early box score
0028700066,1610612739,1987-88,109,107,partial early box score
0028800100,1610612766,1988-89,107,101,partial early box score
0028800140,1610612766,1988-89,113,105,partial early box score
0028800234,1610612766,1988-89,104,97,partial early box score
0028800269,1610612766,1988-89,91,88,partial early box score
0029000008,1610612746,1990-91,90,84,partial early box score
0029000025,1610612746,1990-91,109,101,partial early box score
0029000034,1610612746,1990-91,109,102,partial early box score
0029000040,1610612746,1990-91,83,77,partial early box score
0029000061,1610612746,1990-91,94,86,partial early box score
0029000069,1610612746,1990-91,107,99,partial early box score
0029000079,1610612756,1990-91,112,110,partial early box score
0029000083,1610612746,1990-91,108,102,partial early box score
0029000101,1610612746,1990-91,110,106,partial early box score
0029000114,1610612746,1990-91,78,73,partial early box score
0029000134,1610612746,1990-91,99,95,partial early box score
0029000143,1610612746,1990-91,97,91,partial early box score
0029000159,1610612746,1990-91,119,104,partial early box score
0029000173,1610612746,1990-91,88,84,partial early box score
0029000195,1610612746,1990-91,137,133,partial early box score
0029000205,1610612746,1990-91,102,90,partial early box score
0029000220,1610612746,1990-91,93,83,partial early box score
0029000239,1610612746,1990-91,95,91,partial early box score
0029000255,1610612746,1990-91,95,84,partial early box score
0029000261,1610612746,1990-91,100,98,partial early box score
0029000279,1610612746,1990-91,88,76,partial early box score
0029000286,1610612746,1990-91,92,79,partial early box score
0029000304,1610612746,1990-91,99,90,partial early box score
0029000311,1610612746,1990-91,105,91,partial early box score
0029000326,1610612746,1990-91,107,93,partial early box score
0029000339,1610612746,1990-91,109,103,partial early box score
0029000349,1610612746,1990-91,99,94,partial early box score
0029000371,1610612746,1990-91,102,92,partial early box score
0029000379,1610612746,1990-91,97,95,partial early box score
0029000387,1610612746,1990-91,107,99,partial early box score
0029000407,1610612746,1990-91,103,95,partial early box score
0029000418,1610612746,1990-91,90,80,partial early box score
0029000432,1610612746,1990-91,122,114,partial early box score
0029000440,1610612766,1990-91,101,99,partial early box score
0029000482,1610612746,1990-91,99,95,partial early box score
0029000492,1610612746,1990-91,119,117,partial early box score
0029000580,1610612746,1990-91,119,111,partial early box score
0029000586,1610612746,1990-91,92,88,partial early box score
0029000621,1610612746,1990-91,104,101,partial early box score
0029000660,1610612746,1990-91,124,122,partial early box score
0029000693,1610612746,1990-91,93,91,partial early box score
0029000703,1610612746,1990-91,107,105,partial early box score
0029000723,1610612746,1990-91,129,121,partial early box score
0029000743,1610612746,1990-91,83,81,partial early box score
0029000769,1610612746,1990-91,98,94,partial early box score
0029000780,1610612746,1990-91,113,110,partial early box score
0029000786,1610612746,1990-91,86,82,partial early box score
0029000801,1610612746,1990-91,98,94,partial early box score
0029000811,1610612746,1990-91,93,87,partial early box score
0029000824,1610612746,1990-91,126,116,partial early box score
0029000849,1610612746,1990-91,109,107,partial early box score
0029000876,1610612746,1990-91,105,94,partial early box score
0029000883,1610612746,1990-91,96,90,partial early box score
0029000899,1610612746,1990-91,106,100,partial early box score
0029000906,1610612746,1990-91,107,105,partial early box score
0029000988,1610612746,1990-91,109,101,partial early box score
0029001005,1610612746,1990-91,119,117,partial early box score
0029001015,1610612746,1990-91,100,98,partial early box score
0029001023,1610612746,1990-91,108,95,partial early box score
0029001034,1610612746,1990-91,146,135,partial early box score
0029001066,1610612746,1990-91,98,81,partial early box score
0029001106,1610612746,1990-91,101,99,partial early box score
0029100001,1610612746,1991-92,90,80,partial early box score
0029100017,1610612746,1991-92,106,92,partial early box score
0029100023,1610612762,1991-92,112,111,partial early box score
0029100028,1610612746,1991-92,114,94,partial early box score
0029100043,1610612746,1991-92,111,103,partial early box score
0029100054,1610612746,1991-92,106,104,partial early box score
0029100060,1610612746,1991-92,84,73,partial early box score
0029100060,1610612762,1991-92,101,99,partial early box score
0029100074,1610612746,1991-92,106,104,partial early box score
0029100075,1610612762,1991-92,106,105,partial early box score
0029100087,1610612746,1991-92,93,82,partial early box score
0029100095,1610612746,1991-92,88,73,partial early box score
0029100112,1610612746,1991-92,105,94,partial early box score
0029100121,1610612762,1991-92,91,89,partial early box score
0029100125,1610612746,1991-92,112,97,partial early box score
0029100138,1610612746,1991-92,91,78,partial early box score
0029100144,1610612762,1991-92,121,119,partial early box score
0029100146,1610612746,1991-92,97,74,partial early box score
0029100163,1610612746,1991-92,89,80,partial early box score
0029100173,1610612746,1991-92,79,70,partial early box score
0029100184,1610612746,1991-92,94,82,partial early box score
0029100188,1610612762,1991-92,135,133,partial early box score
0029100201,1610612746,1991-92,130,112,partial early box score
0029100222,1610612746,1991-92,92,84,partial early box score
0029100238,1610612746,1991-92,102,96,partial early box score
0029100248,1610612746,1991-92,101,95,partial early box score
0029100260,1610612746,1991-92,127,125,partial early box score
0029100268,1610612746,1991-92,101,97,partial early box score
0029100281,1610612746,1991-92,102,92,partial early box score
0029100301,1610612746,1991-92,99,89,partial early box score
0029100309,1610612746,1991-92,100,96,partial early box score
0029100336,1610612746,1991-92,100,93,partial early box score
0029100348,1610612762,1991-92,112,110,partial early box score
0029100350,1610612746,1991-92,75,69,partial early box score
0029100357,1610612746,1991-92,115,107,partial early box score
0029100370,1610612746,1991-92,102,100,partial early box score
0029100389,1610612746,1991-92,86,84,partial early box score
0029100406,1610612762,1991-92,113,106,partial early box score
0029100438,1610612746,1991-92,104,98,partial early box score
0029100448,1610612746,1991-92,90,83,partial early box score
0029100457,1610612746,1991-92,96,94,partial early box score
0029100465,1610612746,1991-92,98,87,partial early box score
0029100491,1610612746,1991-92,98,84,partial early box score
0029100493,1610612746,1991-92,111,98,partial early box score
0029100504,1610612762,1991-92,108,106,partial early box score
0029100519,1610612746,1991-92,100,94,partial early box score
0029100538,1610612746,1991-92,96,94,partial early box score
0029100592,1610612746,1991-92,99,95,partial early box score
0029100612,1610612746,1991-92,97,89,partial early box score
0029100624,1610612746,1991-92,95,91,partial early box score
0029100646,1610612746,1991-92,97,89,partial early box score
0029100665,1610612746,1991-92,104,96,partial early box score
0029100676,1610612746,1991-92,107,105,partial early box score
0029100685,1610612746,1991-92,124,118,partial early box score
0029100694,1610612762,1991-92,118,112,partial early box score
0029100700,1610612746,1991-92,125,111,partial early box score
0029100708,1610612762,1991-92,124,122,partial early box score
0029100712,1610612746,1991-92,116,104,partial early box score
0029100719,1610612746,1991-92,112,98,partial early box score
0029100736,1610612746,1991-92,101,87,partial early box score
0029100759,1610612746,1991-92,108,106,partial early box score
0029100775,1610612746,1991-92,101,97,partial early box score
0029100786,1610612746,1991-92,117,107,partial early box score
0029100787,1610612762,1991-92,123,119,partial early box score
0029100796,1610612746,1991-92,91,80,partial early box score
0029100807,1610612762,1991-92,117,111,partial early box score
0029100809,1610612746,1991-92,100,85,partial early box score
0029100818,1610612762,1991-92,112,106,partial early box score
0029100821,1610612746,1991-92,97,93,partial early box score
0029100836,1610612746,1991-92,120,103,partial early box score
0029100844,1610612746,1991-92,96,87,partial early box score
0029100865,1610612746,1991-92,131,114,partial early box score
0029100878,1610612746,1991-92,92,85,partial early box score
0029100888,1610612746,1991-92,117,109,partial early box score
0029100896,1610612762,1991-92,115,113,partial early box score
0029100904,1610612746,1991-92,114,112,partial early box score
0029100905,1610612746,1991-92,114,100,partial early box score
0029100941,1610612746,1991-92,109,105,partial early box score
0029100953,1610612746,1991-92,103,101,partial early box score
0029100965,1610612762,1991-92,120,115,partial early box score
0029100970,1610612746,1991-92,97,90,partial early box score
0029100983,1610612762,1991-92,86,80,partial early box score
0029100987,1610612746,1991-92,98,85,partial early box score
0029100989,1610612746,1991-92,103,99,partial early box score
0029101018,1610612762,1991-92,124,123,partial early box score
0029101033,1610612762,1991-92,113,111,partial early box score
0029101051,1610612746,1991-92,122,114,partial early box score
0029101067,1610612746,1991-92,97,95,partial early box score
0029101091,1610612746,1991-92,104,96,partial early box score
0049100007,1610612746,1991-92,97,90,partial early box score
0049100021,1610612746,1991-92,98,90,partial early box score
0049100032,1610612746,1991-92,89,87,partial early box score
0029200008,1610612762,1992-93,114,107,partial early box score
0029200019,1610612762,1992-93,122,117,partial early box score
0029200023,1610612743,1992-93,104,102,partial early box score
0029200035,1610612762,1992-93,118,114,partial early box score
0029200042,1610612746,1992-93,109,99,partial early box score
0029200044,1610612762,1992-93,91,87,partial early box score
0029200051,1610612746,1992-93,124,107,partial early box score
0029200056,1610612746,1992-93,104,96,partial early box score
0029200056,1610612762,1992-93,124,122,partial early box score
0029200066,1610612743,1992-93,84,79,partial early box score
0029200070,1610612743,1992-93,98,93,partial early box score
0029200076,1610612746,1992-93,115,97,partial early box score
0029200081,1610612762,1992-93,108,106,partial early box score
0029200090,1610612746,1992-93,101,89,partial early box score
0029200104,1610612746,1992-93,111,105,partial early box score
0029200118,1610612746,1992-93,83,77,partial early box score
0029200130,1610612746,1992-93,130,123,partial early box score
0029200147,1610612762,1992-93,110,107,partial early box score
0029200152,1610612746,1992-93,121,102,partial early box score
0029200167,1610612762,1992-93,116,113,partial early box score
0029200180,1610612746,1992-93,122,115,partial early box score
0029200195,1610612746,1992-93,119,117,partial early box score
0029200201,1610612743,1992-93,89,83,partial early box score
0029200201,1610612762,1992-93,119,111,partial early box score
0029200211,1610612746,1992-93,115,107,partial early box score
0029200212,1610612762,1992-93,103,99,partial early box score
0029200223,1610612762,1992-93,112,110,partial early box score
0029200224,1610612746,1992-93,105,97,partial early box score
0029200235,1610612746,1992-93,125,115,partial early box score
0029200243,1610612762,1992-93,108,104,partial early box score
0029200251,1610612743,1992-93,89,85,partial early box score
0029200262,1610612746,1992-93,90,88,partial early box score
0029200268,1610612746,1992-93,114,110,partial early box score
0029200280,1610612746,1992-93,103,101,partial early box score
0029200288,1610612746,1992-93,101,87,partial early box score
0029200290,1610612762,1992-93,104,101,partial early box score
0029200299,1610612746,1992-93,108,104,partial early box score
0029200306,1610612743,1992-93,108,103,partial early box score
0029200317,1610612746,1992-93,94,93,partial early box score
0029200321,1610612762,1992-93,108,106,partial early box score
0029200333,1610612746,1992-93,106,100,partial early box score
0029200335,1610612762,1992-93,114,110,partial early box score
0029200372,1610612746,1992-93,112,106,partial early box score
0029200376,1610612746,1992-93,106,99,partial early box score
0029200377,1610612762,1992-93,113,111,partial early box score
0029200385,1610612746,1992-93,103,83,partial early box score
0029200394,1610612762,1992-93,99,91,partial early box score
0029200400,1610612746,1992-93,101,90,partial early box score
0029200402,1610612743,1992-93,115,112,partial early box score
0029200428,1610612746,1992-93,103,96,partial early box score
0029200441,1610612746,1992-93,105,90,partial early box score
0029200447,1610612746,1992-93,104,102,partial early box score
0029200450,1610612743,1992-93,89,87,partial early box score
0029200460,1610612743,1992-93,106,105,partial early box score
0029200468,1610612746,1992-93,94,88,partial early box score
0029200493,1610612746,1992-93,92,80,partial early box score
0029200505,1610612746,1992-93,116,110,partial early box score
0029200522,1610612743,1992-93,95,89,partial early box score
0029200526,1610612746,1992-93,107,105,partial early box score
0029200538,1610612746,1992-93,106,102,partial early box score
0029200546,1610612746,1992-93,105,96,partial early box score
0029200577,1610612746,1992-93,105,97,partial early box score
0029200593,1610612746,1992-93,119,104,partial early box score
0029200606,1610612746,1992-93,97,85,partial early box score
0029200618,1610612746,1992-93,100,76,partial early box score
0029200626,1610612746,1992-93,104,94,partial early box score
0029200645,1610612746,1992-93,96,94,partial early box score
0029200650,1610612746,1992-93,99,85,partial early box score
0029200652,1610612762,1992-93,112,110,partial early box score
0029200662,1610612762,1992-93,96,90,partial early box score
0029200672,1610612746,1992-93,108,88,partial early box score
0029200677,1610612762,1992-93,78,76,partial early box score
0029200681,1610612746,1992-93,123,108,partial early box score
0029200702,1610612746,1992-93,106,96,partial early box score
0029200721,1610612746,1992-93,112,90,partial early box score
0029200734,1610612746,1992-93,83,76,partial early box score
0029200745,1610612746,1992-93,117,105,partial early box score
0029200752,1610612746,1992-93,105,88,partial early box score
0029200759,1610612762,1992-93,118,113,partial early box score
0029200766,1610612746,1992-93,95,78,partial early box score
0029200772,1610612746,1992-93,113,98,partial early box score
0029200789,1610612746,1992-93,98,75,partial early box score
0029200798,1610612746,1992-93,117,101,partial early box score
0029200816,1610612746,1992-93,124,114,partial early box score
0029200820,1610612746,1992-93,94,90,partial early box score
0029200830,1610612762,1992-93,104,100,partial early box score
0029200838,1610612746,1992-93,117,111,partial early box score
0029200855,1610612743,1992-93,108,105,partial early box score
0029200858,1610612746,1992-93,107,99,partial early box score
0029200867,1610612762,1992-93,93,90,partial early box score
0029200870,1610612746,1992-93,104,90,partial early box score
0029200882,1610612746,1992-93,116,102,partial early box score
0029200892,1610612746,1992-93,110,99,partial early box score
0029200902,1610612746,1992-93,108,93,partial early box score
0029200922,1610612746,1992-93,101,92,partial early box score
0029200942,1610612746,1992-93,111,107,partial early box score
0029200953,1610612746,1992-93,119,115,partial early box score
0029200969,1610612746,1992-93,101,91,partial early box score
0029200972,1610612762,1992-93,95,93,partial early box score
0029200984,1610612746,1992-93,108,106,partial early box score
0029200996,1610612743,1992-93,101,98,partial early box score
0029200996,1610612746,1992-93,118,111,partial early box score
0029201005,1610612762,1992-93,99,92,partial early box score
0029201008,1610612762,1992-93,107,103,partial early box score
0029201010,1610612746,1992-93,111,100,partial early box score
0029201016,1610612746,1992-93,99,93,partial early box score
0029201030,1610612762,1992-93,122,114,partial early box score
0029201035,1610612746,1992-93,122,104,partial early box score
0029201046,1610612762,1992-93,110,106,partial early box score
0029201052,1610612746,1992-93,83,73,partial early box score
0029201064,1610612762,1992-93,92,85,partial early box score
0029201066,1610612746,1992-93,107,101,partial early box score
0029201071,1610612743,1992-93,137,135,partial early box score
0029201072,1610612762,1992-93,113,109,partial early box score
0029201077,1610612746,1992-93,98,88,partial early box score
0029201079,1610612743,1992-93,111,107,partial early box score
0029201099,1610612762,1992-93,111,107,partial early box score
0029201100,1610612743,1992-93,120,118,partial early box score
0029201104,1610612746,1992-93,123,96,partial early box score
0049200004,1610612746,1992-93,94,87,partial early box score
0049200006,1610612762,1992-93,85,83,partial early box score
0049200011,1610612746,1992-93,95,91,partial early box score
0049200017,1610612746,1992-93,99,94,partial early box score
0029300008,1610612746,1993-94,97,75,partial early box score
0029300026,1610612746,1993-94,97,90,partial early box score
0029300034,1610612746,1993-94,99,90,partial early box score
0029300048,1610612746,1993-94,111,101,partial early box score
0029300068,1610612746,1993-94,92,80,partial early box score
0029300080,1610612746,1993-94,114,95,partial early box score
0029300094,1610612746,1993-94,88,69,partial early box score
0029300108,1610612746,1993-94,86,62,partial early box score
0029300121,1610612746,1993-94,98,91,partial early box score
0029300126,1610612746,1993-94,105,81,partial early box score
0029300159,1610612746,1993-94,80,68,partial early box score
0029300165,1610612746,1993-94,118,111,partial early box score
0029300177,1610612746,1993-94,100,80,partial early box score
0029300198,1610612746,1993-94,102,81,partial early box score
0029300213,1610612746,1993-94,111,101,partial early box score
0029300219,1610612746,1993-94,100,82,partial early box score
0029300230,1610612746,1993-94,108,91,partial early box score
0029300250,1610612746,1993-94,112,99,partial early box score
0029300264,1610612746,1993-94,110,87,partial early box score
0029300277,1610612746,1993-94,90,77,partial early box score
0029300291,1610612746,1993-94,109,92,partial early box score
0029300297,1610612746,1993-94,92,84,partial early box score
0029300311,1610612746,1993-94,109,96,partial early box score
0029300324,1610612746,1993-94,95,83,partial early box score
0029300338,1610612746,1993-94,96,77,partial early box score
0029300355,1610612746,1993-94,98,83,partial early box score
0029300360,1610612746,1993-94,111,107,partial early box score
0029300391,1610612746,1993-94,98,78,partial early box score
0029300400,1610612746,1993-94,108,98,partial early box score
0029300413,1610612746,1993-94,90,72,partial early box score
0029300425,1610612746,1993-94,77,67,partial early box score
0029300436,1610612746,1993-94,98,86,partial early box score
0029300446,1610612746,1993-94,102,98,partial early box score
0029300461,1610612746,1993-94,109,96,partial early box score
0029300477,1610612746,1993-94,126,115,partial early box score
0029300482,1610612746,1993-94,96,88,partial early box score
0029300491,1610612746,1993-94,90,77,partial early box score
0029300522,1610612746,1993-94,111,108,partial early box score
0029300536,1610612746,1993-94,101,97,partial early box score
0029300548,1610612746,1993-94,103,89,partial early box score
0029300559,1610612746,1993-94,96,83,partial early box score
0029300596,1610612746,1993-94,122,109,partial early box score
0029300615,1610612746,1993-94,89,78,partial early box score
0029300621,1610612746,1993-94,95,91,partial early box score
0029300644,1610612746,1993-94,100,93,partial early box score
0029300651,1610612746,1993-94,99,97,partial early box score
0029300667,1610612746,1993-94,91,83,partial early box score
0029300671,1610612746,1993-94,93,83,partial early box score
0029300694,1610612746,1993-94,117,100,partial early box score
0029300697,1610612746,1993-94,112,100,partial early box score
0029300710,1610612746,1993-94,121,108,partial early box score
0029300731,1610612746,1993-94,118,101,partial early box score
0029300739,1610612746,1993-94,109,105,partial early box score
0029300747,1610612746,1993-94,118,104,partial early box score
0029300755,1610612746,1993-94,113,111,partial early box score
0029300873,1610612755,1993-94,91,89,partial early box score
0029300884,1610612755,1993-94,87,86,partial early box score
0029300886,1610612746,1993-94,107,105,partial early box score
0029300902,1610612755,1993-94,88,83,partial early box score
0029300908,1610612746,1993-94,109,107,partial early box score
0029300917,1610612746,1993-94,93,87,partial early box score
0029300919,1610612755,1993-94,103,101,partial early box score
0029300930,1610612746,1993-94,96,90,partial early box score
0029300934,1610612746,1993-94,102,100,partial early box score
0029300957,1610612746,1993-94,98,80,partial early box score
0029300961,1610612755,1993-94,112,105,partial early box score
0029300968,1610612746,1993-94,92,86,partial early box score
0029300975,1610612755,1993-94,115,113,partial early box score
0029300977,1610612746,1993-94,100,86,partial early box score
0029300992,1610612755,1993-94,100,91,partial early box score
0029300996,1610612755,1993-94,122,118,partial early box score
0029301000,1610612746,1993-94,104,92,partial early box score
0029301008,1610612746,1993-94,97,76,partial early box score
0029301012,1610612755,1993-94,134,126,partial early box score
0029301013,1610612746,1993-94,101,81,partial early box score
0029301029,1610612746,1993-94,101,94,partial early box score
0029301044,1610612746,1993-94,108,98,partial early box score
0029301045,1610612755,1993-94,94,92,partial early box score
0029301057,1610612746,1993-94,131,115,partial early box score
0029301065,1610612755,1993-94,110,102,partial early box score
0029301071,1610612746,1993-94,85,77,partial early box score
0029301079,1610612755,1993-94,82,72,partial early box score
0029301082,1610612755,1993-94,88,84,partial early box score
0029301083,1610612746,1993-94,121,92,partial early box score
0029301097,1610612746,1993-94,97,81,partial early box score
0029301107,1610612755,1993-94,110,102,partial early box score
0029400001,1610612746,1994-95,100,84,partial early box score
0029400018,1610612746,1994-95,95,83,partial early box score
0029400042,1610612746,1994-95,91,71,partial early box score
0029400061,1610612746,1994-95,101,86,partial early box score
0029400066,1610612746,1994-95,90,67,partial early box score
0029400072,1610612746,1994-95,92,78,partial early box score
0029400090,1610612746,1994-95,83,75,partial early box score
0029400095,1610612746,1994-95,83,69,partial early box score
0029400109,1610612746,1994-95,97,87,partial early box score
0029400115,1610612746,1994-95,93,78,partial early box score
0029400128,1610612746,1994-95,109,94,partial early box score
0029400143,1610612746,1994-95,102,81,partial early box score
0029400166,1610612746,1994-95,124,109,partial early box score
0029400175,1610612746,1994-95,84,68,partial early box score
0029400192,1610612746,1994-95,95,75,partial early box score
0029400198,1610612746,1994-95,83,71,partial early box score
0029400213,1610612746,1994-95,96,66,partial early box score
0029400225,1610612746,1994-95,109,90,partial early box score
0029400227,1610612746,1994-95,127,107,partial early box score
0029400256,1610612746,1994-95,73,65,partial early box score
0029400270,1610612746,1994-95,89,71,partial early box score
0029400279,1610612746,1994-95,87,64,partial early box score
0029400295,1610612746,1994-95,79,70,partial early box score
0029400302,1610612746,1994-95,91,76,partial early box score
0029400323,1610612746,1994-95,102,82,partial early box score
0029400327,1610612746,1994-95,81,61,partial early box score
0029400336,1610612746,1994-95,95,93,partial early box score
0029400350,1610612746,1994-95,83,73,partial early box score
0029400366,1610612746,1994-95,105,84,partial early box score
0029400387,1610612746,1994-95,95,70,partial early box score
0029400406,1610612746,1994-95,88,59,partial early box score
0029400424,1610612746,1994-95,97,80,partial early box score
0029400433,1610612746,1994-95,93,73,partial early box score
0029400439,1610612746,1994-95,101,86,partial early box score
0029400456,1610612746,1994-95,108,88,partial early box score
0029400462,1610612746,1994-95,88,70,partial early box score
0029400474,1610612746,1994-95,92,73,partial early box score
0029400496,1610612746,1994-95,97,83,partial early box score
0029400498,1610612746,1994-95,86,65,partial early box score
0029400512,1610612746,1994-95,68,58,partial early box score
0029400523,1610612746,1994-95,107,85,partial early box score
0029400531,1610612746,1994-95,74,70,partial early box score
0029400545,1610612746,1994-95,87,71,partial early box score
0029400558,1610612746,1994-95,95,65,partial early box score
0029400582,1610612746,1994-95,89,77,partial early box score
0029400592,1610612746,1994-95,118,90,partial early box score
0029400610,1610612746,1994-95,88,67,partial early box score
0029400629,1610612746,1994-95,122,89,partial early box score
0029400639,1610612746,1994-95,104,84,partial early box score
0029400655,1610612746,1994-95,127,102,partial early box score
0029400666,1610612746,1994-95,92,81,partial early box score
0029400687,1610612746,1994-95,80,67,partial early box score
0029400691,1610612746,1994-95,109,88,partial early box score
0029400708,1610612746,1994-95,106,92,partial early box score
0029400716,1610612746,1994-95,83,56,partial early box score
0029400725,1610612746,1994-95,83,71,partial early box score
0029400733,1610612746,1994-95,110,106,partial early box score
0029400748,1610612746,1994-95,88,76,partial early box score
0029400765,1610612746,1994-95,89,72,partial early box score
0029400776,1610612746,1994-95,101,89,partial early box score
0029400789,1610612746,1994-95,107,89,partial early box score
0029400804,1610612746,1994-95,121,101,partial early box score
0029400820,1610612746,1994-95,93,73,partial early box score
0029400836,1610612746,1994-95,117,96,partial early box score
0029400852,1610612746,1994-95,98,76,partial early box score
0029400868,1610612746,1994-95,93,72,partial early box score
0029400871,1610612746,1994-95,102,82,partial early box score
0029400884,1610612746,1994-95,103,81,partial early box score
0029400891,1610612746,1994-95,93,74,partial early box score
0029400906,1610612746,1994-95,86,68,partial early box score
0029400919,1610612746,1994-95,104,90,partial early box score
0029400937,1610612746,1994-95,96,76,partial early box score
0029400954,1610612746,1994-95,116,95,partial early box score
0029400969,1610612746,1994-95,89,75,partial early box score
0029401031,1610612746,1994-95,103,91,partial early box score
0029401048,1610612746,1994-95,83,71,partial early box score
0029401055,1610612746,1994-95,111,95,partial early box score
0029401065,1610612746,1994-95,91,63,partial early box score
0029401088,1610612746,1994-95,96,82,partial early box score
0029401106,1610612746,1994-95,124,98,partial early box score
0029500005,1610612746,1995-96,112,93,partial early box score
0029500012,1610612751,1995-96,79,75,partial early box score
0029500027,1610612746,1995-96,82,62,partial early box score
0029500038,1610612751,1995-96,104,90,partial early box score
0029500041,1610612746,1995-96,108,100,partial early box score
0029500044,1610612751,1995-96,122,111,partial early box score
0029500045,1610612746,1995-96,92,74,partial early box score
0029500057,1610612746,1995-96,98,92,partial early box score
0029500067,1610612751,1995-96,80,74,partial early box score
0029500071,1610612751,1995-96,86,82,partial early box score
0029500078,1610612746,1995-96,108,90,partial early box score
0029500083,1610612746,1995-96,118,106,partial early box score
0029500089,1610612751,1995-96,90,82,partial early box score
0029500103,1610612746,1995-96,103,84,partial early box score
0029500106,1610612751,1995-96,94,82,partial early box score
0029500107,1610612746,1995-96,101,85,partial early box score
0029500125,1610612751,1995-96,95,85,partial early box score
0029500128,1610612746,1995-96,88,74,partial early box score
0029500130,1610612746,1995-96,94,80,partial early box score
0029500131,1610612751,1995-96,79,77,partial early box score
0029500144,1610612746,1995-96,125,108,partial early box score
0029500144,1610612751,1995-96,92,88,partial early box score
0029500159,1610612751,1995-96,87,85,partial early box score
0029500164,1610612746,1995-96,91,70,partial early box score
0029500179,1610612746,1995-96,103,85,partial early box score
0029500181,1610612751,1995-96,89,83,partial early box score
0029500192,1610612746,1995-96,86,71,partial early box score
0029500205,1610612751,1995-96,131,127,partial early box score
0029500210,1610612751,1995-96,79,71,partial early box score
0029500217,1610612746,1995-96,98,81,partial early box score
0029500231,1610612746,1995-96,105,83,partial early box score
0029500239,1610612751,1995-96,97,92,partial early box score
0029500241,1610612746,1995-96,103,84,partial early box score
0029500251,1610612751,1995-96,91,87,partial early box score
0029500252,1610612746,1995-96,94,75,partial early box score
0029500261,1610612751,1995-96,85,83,partial early box score
0029500269,1610612746,1995-96,104,90,partial early box score
0029500274,1610612746,1995-96,86,77,partial early box score
0029500281,1610612751,1995-96,97,93,partial early box score
0029500295,1610612746,1995-96,89,69,partial early box score
0029500298,1610612751,1995-96,98,90,partial early box score
0029500306,1610612746,1995-96,99,93,partial early box score
0029500321,1610612746,1995-96,104,85,partial early box score
0029500342,1610612746,1995-96,103,81,partial early box score
0029500353,1610612751,1995-96,91,88,partial early box score
0029500354,1610612746,1995-96,107,86,partial early box score
0029500359,1610612751,1995-96,98,89,partial early box score
0029500370,1610612751,1995-96,93,89,partial early box score
0029500372,1610612746,1995-96,88,65,partial early box score
0029500382,1610612746,1995-96,116,94,partial early box score
0029500385,1610612751,1995-96,82,76,partial early box score
0029500394,1610612746,1995-96,98,78,partial early box score
0029500405,1610612751,1995-96,110,97,partial early box score
0029500408,1610612746,1995-96,96,77,partial early box score
0029500418,1610612751,1995-96,81,73,partial early box score
0029500424,1610612746,1995-96,94,69,partial early box score
0029500432,1610612751,1995-96,93,84,partial early box score
0029500436,1610612746,1995-96,94,77,partial early box score
0029500438,1610612751,1995-96,107,104,partial early box score
0029500451,1610612746,1995-96,101,99,partial early box score
0029500459,1610612746,1995-96,105,93,partial early box score
0029500461,1610612751,1995-96,84,80,partial early box score
0029500476,1610612746,1995-96,109,91,partial early box score
0029500479,1610612751,1995-96,80,74,partial early box score
0029500489,1610612751,1995-96,80,64,partial early box score
0029500495,1610612746,1995-96,104,85,partial early box score
0029500503,1610612751,1995-96,108,102,partial early box score
0029500513,1610612746,1995-96,81,66,partial early box score
0029500527,1610612751,1995-96,87,77,partial early box score
0029500532,1610612746,1995-96,100,72,partial early box score
0029500539,1610612746,1995-96,82,76,partial early box score
0029500540,1610612751,1995-96,103,84,partial early box score
0029500575,1610612746,1995-96,94,68,partial early box score
0029500594,1610612746,1995-96,87,71,partial early box score
0029500611,1610612746,1995-96,101,80,partial early box score
0029500612,1610612746,1995-96,106,93,partial early box score
0029500626,1610612746,1995-96,113,97,partial early box score
0029500633,1610612746,1995-96,113,95,partial early box score
0029500648,1610612746,1995-96,124,102,partial early box score
0029500670,1610612746,1995-96,102,100,partial early box score
0029500671,1610612746,1995-96,95,77,partial early box score
0029500687,1610612746,1995-96,94,88,partial early box score
0029500715,1610612751,1995-96,82,76,partial early box score
0029500716,1610612746,1995-96,100,78,partial early box score
0029500727,1610612751,1995-96,99,94,partial early box score
0029500733,1610612746,1995-96,104,87,partial early box score
0029500738,1610612746,1995-96,108,86,partial early box score
0029500745,1610612751,1995-96,94,92,partial early box score
0029500764,1610612746,1995-96,80,55,partial early box score
0029500765,1610612751,1995-96,74,68,partial early box score
0029500776,1610612751,1995-96,111,105,partial early box score
0029500784,1610612746,1995-96,95,84,partial early box score
0029500798,1610612746,1995-96,122,99,partial early box score
0029500804,1610612751,1995-96,98,88,partial early box score
0029500814,1610612751,1995-96,92,86,partial early box score
0029500841,1610612746,1995-96,105,91,partial early box score
0029500843,1610612751,1995-96,117,101,partial early box score
0029500848,1610612746,1995-96,97,84,partial early box score
0029500860,1610612751,1995-96,100,88,partial early box score
0029500862,1610612746,1995-96,92,70,partial early box score
0029500866,1610612756,1995-96,97,95,partial early box score
0029500871,1610612756,1995-96,106,102,partial early box score
0029500873,1610612746,1995-96,104,88,partial early box score
0029500875,1610612751,1995-96,99,95,partial early box score
0029500884,1610612746,1995-96,90,82,partial early box score
0029500890,1610612751,1995-96,88,82,partial early box score
0029500899,1610612751,1995-96,92,90,partial early box score
0029500900,1610612746,1995-96,110,90,partial early box score
0029500908,1610612756,1995-96,128,126,partial early box score
0029500920,1610612751,1995-96,93,86,partial early box score
0029500923,1610612751,1995-96,106,99,partial early box score
0029500932,1610612746,1995-96,101,85,partial early box score
0029500937,1610612751,1995-96,82,76,partial early box score
0029500949,1610612746,1995-96,110,94,partial early box score
0029500952,1610612751,1995-96,97,93,partial early box score
0029500962,1610612746,1995-96,107,89,partial early box score
0029500964,1610612751,1995-96,96,85,partial early box score
0029500971,1610612751,1995-96,84,70,partial early box score
0029500974,1610612746,1995-96,92,78,partial early box score
0029500982,1610612751,1995-96,88,85,partial early box score
0029500988,1610612746,1995-96,103,93,partial early box score
0029501005,1610612746,1995-96,81,77,partial early box score
0029501008,1610612751,1995-96,78,71,partial early box score
0029501019,1610612746,1995-96,85,71,partial early box score
0029501030,1610612751,1995-96,100,86,partial early box score
0029501031,1610612746,1995-96,110,94,partial early box score
0029501033,1610612746,1995-96,103,85,partial early box score
0029501046,1610612746,1995-96,94,72,partial early box score
0029501046,1610612751,1995-96,100,94,partial early box score
0029501065,1610612751,1995-96,70,61,partial early box score
0029501069,1610612751,1995-96,88,78,partial early box score
0029501073,1610612746,1995-96,96,86,partial early box score
0029501087,1610612746,1995-96,102,84,partial early box score
0029501093,1610612751,1995-96,94,84,partial early box score
0029501108,1610612746,1995-96,101,85,partial early box score
0029501123,1610612746,1995-96,91,79,partial early box score
0029501125,1610612746,1995-96,96,78,partial early box score
0029501138,1610612751,1995-96,90,88,partial early box score
0029501146,1610612746,1995-96,85,73,partial early box score
0029501159,1610612746,1995-96,107,83,partial early box score
0029501170,1610612751,1995-96,106,98,partial early box score
0029501176,1610612751,1995-96,99,94,partial early box score
0029501179,1610612746,1995-96,101,81,partial early box score
0029800661,1610612751,1998-99,93,97,"source error: NJN @ DET 1999-04-28, players sum to 97, team row 93"
