alias,player_name,kind
KD,Kevin Durant,nickname
Greek Freak,Giannis Antetokounmpo,nickname
Giannis,Giannis Antetokounmpo,first name
Wemby,Victor Wembanyama,nickname
SGA,Shai Gilgeous-Alexander,initials
Shai,Shai Gilgeous-Alexander,first name
LeBron,LeBron James,first name
King James,LeBron James,nickname
Bron,LeBron James,nickname
Steph,Stephen Curry,nickname
Chef Curry,Stephen Curry,nickname
Luka,Luka Dončić,first name
Joker,Nikola Jokić,nickname
The Joker,Nikola Jokić,nickname
Ant,Anthony Edwards,nickname
Ant-Man,Anthony Edwards,nickname
AD,Anthony Davis,initials
The Brow,Anthony Davis,nickname
Klay,Klay Thompson,first name
MJ,Michael Jordan,initials
His Airness,Michael Jordan,nickname
Kobe,Kobe Bryant,first name
Black Mamba,Kobe Bryant,nickname
Wilt,Wilt Chamberlain,first name
Wilt the Stilt,Wilt Chamberlain,nickname
Magic,Magic Johnson,nickname
Kareem,Kareem Abdul-Jabbar,first name
The Big Fundamental,Tim Duncan,nickname
Timmy,Tim Duncan,nickname
Ja,Ja Morant,first name
JT,Jayson Tatum,initials
The Process,Joel Embiid,nickname
Embiid,Joel Embiid,last name
Flagg,Cooper Flagg,last name
Chris Paul,Chris Paul,full name
CP3,Chris Paul,nickname
The Beard,James Harden,nickname
Dame,Damian Lillard,nickname
Big O,Oscar Robertson,nickname
The Big O,Oscar Robertson,nickname
Russ,Russell Westbrook,nickname
Brodie,Russell Westbrook,nickname
Curry,Stephen Curry,best-known holder
Steph Curry,Stephen Curry,nickname
Klay Thompson,Klay Thompson,full name
Durant,Kevin Durant,best-known holder
Tatum,Jayson Tatum,best-known holder
Edwards,Anthony Edwards,best-known holder
Morant,Ja Morant,best-known holder
Duncan,Tim Duncan,best-known holder
Russell,Bill Russell,best-known holder
Kobe Bryant,Kobe Bryant,full name
Lebron James,LeBron James,case variant
Jordan,Michael Jordan,best-known holder
Shaq,Shaquille O'Neal,nickname
