stat,first_season,first_season_start,source,note
pts,1946-47,1946,spec,
fgm,1946-47,1946,spec,
fga,1946-47,1946,spec,
ftm,1946-47,1946,spec,
fta,1946-47,1946,spec,
ast,1946-47,1946,spec,
pf,1946-47,1946,spec,
reb,1950-51,1950,league history,Rebounds first recorded in 1950-51
minutes,1951-52,1951,league history,Player minutes first recorded in 1951-52
oreb,1973-74,1973,league history,Offensive and defensive rebounds split from 1973-74
dreb,1973-74,1973,league history,
stl,1973-74,1973,spec,
blk,1973-74,1973,spec,
tov,1977-78,1977,league history,Turnovers first recorded in 1977-78
fg3m,1979-80,1979,spec,3-point line introduced 1979-80
fg3a,1979-80,1979,spec,
gs,1981-82,1981,league history,Games started first recorded in 1981-82
plus_minus,1996-97,1996,spec,
advanced,1996-97,1996,spec,Usage rate and ratings on NBA.com
shots,1996-97,1996,spec,Shot charts on NBA.com
tracking,2013-14,2013,spec,Player tracking
