alias,team_abbreviation
Dubs,GSW
Warriors,GSW
Golden State,GSW
Lakers,LAL
LA Lakers,LAL
Lake Show,LAL
Clippers,LAC
Celtics,BOS
Boston,BOS
C's,BOS
Knicks,NYK
New York,NYK
Thunder,OKC
OKC,OKC
Sixers,PHI
76ers,PHI
Philly,PHI
Mavs,DAL
Mavericks,DAL
Spurs,SAS
Nuggets,DEN
Bucks,MIL
Heat,MIA
Suns,PHX
Grizzlies,MEM
Grizz,MEM
Wolves,MIN
Timberwolves,MIN
Cavs,CLE
Cavaliers,CLE
Pels,NOP
Pelicans,NOP
Blazers,POR
Trail Blazers,POR
Rockets,HOU
Kings,SAC
Jazz,UTA
Hawks,ATL
Nets,BKN
Hornets,CHA
Bulls,CHI
Pistons,DET
Pacers,IND
Magic,ORL
Raptors,TOR
Wizards,WAS
